,soundName,phoneName,soundPath
0,Drill,vivo,./Drill/vivo/drill (1).wav
1,Drill,vivo,./Drill/vivo/drill (10).wav
2,Drill,vivo,./Drill/vivo/drill (11).wav
3,Drill,vivo,./Drill/vivo/drill (12).wav
4,Drill,vivo,./Drill/vivo/drill (13).wav
5,Drill,vivo,./Drill/vivo/drill (14).wav
6,Drill,vivo,./Drill/vivo/drill (15).wav
7,Drill,vivo,./Drill/vivo/drill (16).wav
8,Drill,vivo,./Drill/vivo/drill (17).wav
9,Drill,vivo,./Drill/vivo/drill (18).wav
10,Drill,vivo,./Drill/vivo/drill (19).wav
11,Drill,vivo,./Drill/vivo/drill (2).wav
12,Drill,vivo,./Drill/vivo/drill (20).wav
13,Drill,vivo,./Drill/vivo/drill (21).wav
14,Drill,vivo,./Drill/vivo/drill (22).wav
15,Drill,vivo,./Drill/vivo/drill (23).wav
16,Drill,vivo,./Drill/vivo/drill (24).wav
17,Drill,vivo,./Drill/vivo/drill (25).wav
18,Drill,vivo,./Drill/vivo/drill (26).wav
19,Drill,vivo,./Drill/vivo/drill (27).wav
20,Drill,vivo,./Drill/vivo/drill (28).wav
21,Drill,vivo,./Drill/vivo/drill (29).wav
22,Drill,vivo,./Drill/vivo/drill (3).wav
23,Drill,vivo,./Drill/vivo/drill (30).wav
24,Drill,vivo,./Drill/vivo/drill (4).wav
25,Drill,vivo,./Drill/vivo/drill (5).wav
26,Drill,vivo,./Drill/vivo/drill (6).wav
27,Drill,vivo,./Drill/vivo/drill (7).wav
28,Drill,vivo,./Drill/vivo/drill (8).wav
29,Drill,vivo,./Drill/vivo/drill (9).wav
30,Drill,Xaoumi,./Drill/Xaoumi/drill  (1).wav
31,Drill,Xaoumi,./Drill/Xaoumi/drill  (10).wav
32,Drill,Xaoumi,./Drill/Xaoumi/drill  (11).wav
33,Drill,Xaoumi,./Drill/Xaoumi/drill  (12).wav
34,Drill,Xaoumi,./Drill/Xaoumi/drill  (13).wav
35,Drill,Xaoumi,./Drill/Xaoumi/drill  (14).wav
36,Drill,Xaoumi,./Drill/Xaoumi/drill  (15).wav
37,Drill,Xaoumi,./Drill/Xaoumi/drill  (16).wav
38,Drill,Xaoumi,./Drill/Xaoumi/drill  (17).wav
39,Drill,Xaoumi,./Drill/Xaoumi/drill  (18).wav
40,Drill,Xaoumi,./Drill/Xaoumi/drill  (19).wav
41,Drill,Xaoumi,./Drill/Xaoumi/drill  (2).wav
42,Drill,Xaoumi,./Drill/Xaoumi/drill  (20).wav
43,Drill,Xaoumi,./Drill/Xaoumi/drill  (21).wav
44,Drill,Xaoumi,./Drill/Xaoumi/drill  (22).wav
45,Drill,Xaoumi,./Drill/Xaoumi/drill  (23).wav
46,Drill,Xaoumi,./Drill/Xaoumi/drill  (24).wav
47,Drill,Xaoumi,./Drill/Xaoumi/drill  (25).wav
48,Drill,Xaoumi,./Drill/Xaoumi/drill  (26).wav
49,Drill,Xaoumi,./Drill/Xaoumi/drill  (27).wav
50,Drill,Xaoumi,./Drill/Xaoumi/drill  (28).wav
51,Drill,Xaoumi,./Drill/Xaoumi/drill  (29).wav
52,Drill,Xaoumi,./Drill/Xaoumi/drill  (3).wav
53,Drill,Xaoumi,./Drill/Xaoumi/drill  (30).wav
54,Drill,Xaoumi,./Drill/Xaoumi/drill  (4).wav
55,Drill,Xaoumi,./Drill/Xaoumi/drill  (5).wav
56,Drill,Xaoumi,./Drill/Xaoumi/drill  (6).wav
57,Drill,Xaoumi,./Drill/Xaoumi/drill  (7).wav
58,Drill,Xaoumi,./Drill/Xaoumi/drill  (8).wav
59,Drill,Xaoumi,./Drill/Xaoumi/drill  (9).wav
60,Footsteps,VivoY19,./Footsteps/VivoY19/footsteps_sound.m4a
61,hammer,vivo,./hammer/vivo/hammer (1).wav
62,hammer,vivo,./hammer/vivo/hammer (10).wav
63,hammer,vivo,./hammer/vivo/hammer (11).wav
64,hammer,vivo,./hammer/vivo/hammer (12).wav
65,hammer,vivo,./hammer/vivo/hammer (13).wav
66,hammer,vivo,./hammer/vivo/hammer (14).wav
67,hammer,vivo,./hammer/vivo/hammer (15).wav
68,hammer,vivo,./hammer/vivo/hammer (16).wav
69,hammer,vivo,./hammer/vivo/hammer (17).wav
70,hammer,vivo,./hammer/vivo/hammer (18).wav
71,hammer,vivo,./hammer/vivo/hammer (19).wav
72,hammer,vivo,./hammer/vivo/hammer (2).wav
73,hammer,vivo,./hammer/vivo/hammer (20).wav
74,hammer,vivo,./hammer/vivo/hammer (21).wav
75,hammer,vivo,./hammer/vivo/hammer (22).wav
76,hammer,vivo,./hammer/vivo/hammer (23).wav
77,hammer,vivo,./hammer/vivo/hammer (24).wav
78,hammer,vivo,./hammer/vivo/hammer (25).wav
79,hammer,vivo,./hammer/vivo/hammer (26).wav
80,hammer,vivo,./hammer/vivo/hammer (27).wav
81,hammer,vivo,./hammer/vivo/hammer (28).wav
82,hammer,vivo,./hammer/vivo/hammer (29).wav
83,hammer,vivo,./hammer/vivo/hammer (3).wav
84,hammer,vivo,./hammer/vivo/hammer (30).wav
85,hammer,vivo,./hammer/vivo/hammer (4).wav
86,hammer,vivo,./hammer/vivo/hammer (5).wav
87,hammer,vivo,./hammer/vivo/hammer (6).wav
88,hammer,vivo,./hammer/vivo/hammer (7).wav
89,hammer,vivo,./hammer/vivo/hammer (8).wav
90,hammer,vivo,./hammer/vivo/hammer (9).wav
91,hammer,Xaoumi,./hammer/Xaoumi/hammer (1).wav
92,hammer,Xaoumi,./hammer/Xaoumi/hammer (10).wav
93,hammer,Xaoumi,./hammer/Xaoumi/hammer (11).wav
94,hammer,Xaoumi,./hammer/Xaoumi/hammer (12).wav
95,hammer,Xaoumi,./hammer/Xaoumi/hammer (13).wav
96,hammer,Xaoumi,./hammer/Xaoumi/hammer (14).wav
97,hammer,Xaoumi,./hammer/Xaoumi/hammer (15).wav
98,hammer,Xaoumi,./hammer/Xaoumi/hammer (16).wav
99,hammer,Xaoumi,./hammer/Xaoumi/hammer (17).wav
100,hammer,Xaoumi,./hammer/Xaoumi/hammer (18).wav
101,hammer,Xaoumi,./hammer/Xaoumi/hammer (19).wav
102,hammer,Xaoumi,./hammer/Xaoumi/hammer (2).wav
103,hammer,Xaoumi,./hammer/Xaoumi/hammer (20).wav
104,hammer,Xaoumi,./hammer/Xaoumi/hammer (21).wav
105,hammer,Xaoumi,./hammer/Xaoumi/hammer (22).wav
106,hammer,Xaoumi,./hammer/Xaoumi/hammer (23).wav
107,hammer,Xaoumi,./hammer/Xaoumi/hammer (24).wav
108,hammer,Xaoumi,./hammer/Xaoumi/hammer (25).wav
109,hammer,Xaoumi,./hammer/Xaoumi/hammer (26).wav
110,hammer,Xaoumi,./hammer/Xaoumi/hammer (27).wav
111,hammer,Xaoumi,./hammer/Xaoumi/hammer (28).wav
112,hammer,Xaoumi,./hammer/Xaoumi/hammer (29).wav
113,hammer,Xaoumi,./hammer/Xaoumi/hammer (3).wav
114,hammer,Xaoumi,./hammer/Xaoumi/hammer (30).wav
115,hammer,Xaoumi,./hammer/Xaoumi/hammer (4).wav
116,hammer,Xaoumi,./hammer/Xaoumi/hammer (5).wav
117,hammer,Xaoumi,./hammer/Xaoumi/hammer (6).wav
118,hammer,Xaoumi,./hammer/Xaoumi/hammer (7).wav
119,hammer,Xaoumi,./hammer/Xaoumi/hammer (8).wav
120,hammer,Xaoumi,./hammer/Xaoumi/hammer (9).wav
121,horn,samsung,./horn/samsung/(1).wav
122,horn,samsung,./horn/samsung/(10).wav
123,horn,samsung,./horn/samsung/(11).wav
124,horn,samsung,./horn/samsung/(12).wav
125,horn,samsung,./horn/samsung/(13).wav
126,horn,samsung,./horn/samsung/(14).wav
127,horn,samsung,./horn/samsung/(15).wav
128,horn,samsung,./horn/samsung/(16).wav
129,horn,samsung,./horn/samsung/(17).wav
130,horn,samsung,./horn/samsung/(18).wav
131,horn,samsung,./horn/samsung/(19).wav
132,horn,samsung,./horn/samsung/(2).wav
133,horn,samsung,./horn/samsung/(20).wav
134,horn,samsung,./horn/samsung/(21).wav
135,horn,samsung,./horn/samsung/(22).wav
136,horn,samsung,./horn/samsung/(23).wav
137,horn,samsung,./horn/samsung/(24).wav
138,horn,samsung,./horn/samsung/(25).wav
139,horn,samsung,./horn/samsung/(26).wav
140,horn,samsung,./horn/samsung/(27).wav
141,horn,samsung,./horn/samsung/(28).wav
142,horn,samsung,./horn/samsung/(29).wav
143,horn,samsung,./horn/samsung/(3).wav
144,horn,samsung,./horn/samsung/(30).wav
145,horn,samsung,./horn/samsung/(4).wav
146,horn,samsung,./horn/samsung/(5).wav
147,horn,samsung,./horn/samsung/(6).wav
148,horn,samsung,./horn/samsung/(7).wav
149,horn,samsung,./horn/samsung/(8).wav
150,horn,samsung,./horn/samsung/(9).wav
151,horn,Xiaomi,./horn/Xiaomi/  (1).wav
152,horn,Xiaomi,./horn/Xiaomi/  (10).wav
153,horn,Xiaomi,./horn/Xiaomi/  (11).wav
154,horn,Xiaomi,./horn/Xiaomi/  (12).wav
155,horn,Xiaomi,./horn/Xiaomi/  (13).wav
156,horn,Xiaomi,./horn/Xiaomi/  (14).wav
157,horn,Xiaomi,./horn/Xiaomi/  (15).wav
158,horn,Xiaomi,./horn/Xiaomi/  (16).wav
159,horn,Xiaomi,./horn/Xiaomi/  (17).wav
160,horn,Xiaomi,./horn/Xiaomi/  (18).wav
161,horn,Xiaomi,./horn/Xiaomi/  (19).wav
162,horn,Xiaomi,./horn/Xiaomi/  (2).wav
163,horn,Xiaomi,./horn/Xiaomi/  (20).wav
164,horn,Xiaomi,./horn/Xiaomi/  (21).wav
165,horn,Xiaomi,./horn/Xiaomi/  (22).wav
166,horn,Xiaomi,./horn/Xiaomi/  (23).wav
167,horn,Xiaomi,./horn/Xiaomi/  (24).wav
168,horn,Xiaomi,./horn/Xiaomi/  (25).wav
169,horn,Xiaomi,./horn/Xiaomi/  (26).wav
170,horn,Xiaomi,./horn/Xiaomi/  (27).wav
171,horn,Xiaomi,./horn/Xiaomi/  (28).wav
172,horn,Xiaomi,./horn/Xiaomi/  (29).wav
173,horn,Xiaomi,./horn/Xiaomi/  (3).wav
174,horn,Xiaomi,./horn/Xiaomi/  (30).wav
175,horn,Xiaomi,./horn/Xiaomi/  (4).wav
176,horn,Xiaomi,./horn/Xiaomi/  (5).wav
177,horn,Xiaomi,./horn/Xiaomi/  (6).wav
178,horn,Xiaomi,./horn/Xiaomi/  (7).wav
179,horn,Xiaomi,./horn/Xiaomi/  (8).wav
180,horn,Xiaomi,./horn/Xiaomi/  (9).wav
181,Metal cutter,Motto,./Metal cutter/Motto/construction  (1).wav
182,Metal cutter,Motto,./Metal cutter/Motto/construction  (10).wav
183,Metal cutter,Motto,./Metal cutter/Motto/construction  (11).wav
184,Metal cutter,Motto,./Metal cutter/Motto/construction  (12).wav
185,Metal cutter,Motto,./Metal cutter/Motto/construction  (13).wav
186,Metal cutter,Motto,./Metal cutter/Motto/construction  (14).wav
187,Metal cutter,Motto,./Metal cutter/Motto/construction  (15).wav
188,Metal cutter,Motto,./Metal cutter/Motto/construction  (16).wav
189,Metal cutter,Motto,./Metal cutter/Motto/construction  (17).wav
190,Metal cutter,Motto,./Metal cutter/Motto/construction  (18).wav
191,Metal cutter,Motto,./Metal cutter/Motto/construction  (19).wav
192,Metal cutter,Motto,./Metal cutter/Motto/construction  (2).wav
193,Metal cutter,Motto,./Metal cutter/Motto/construction  (20).wav
194,Metal cutter,Motto,./Metal cutter/Motto/construction  (21).wav
195,Metal cutter,Motto,./Metal cutter/Motto/construction  (22).wav
196,Metal cutter,Motto,./Metal cutter/Motto/construction  (23).wav
197,Metal cutter,Motto,./Metal cutter/Motto/construction  (24).wav
198,Metal cutter,Motto,./Metal cutter/Motto/construction  (25).wav
199,Metal cutter,Motto,./Metal cutter/Motto/construction  (3).wav
200,Metal cutter,Motto,./Metal cutter/Motto/construction  (4).wav
201,Metal cutter,Motto,./Metal cutter/Motto/construction  (5).wav
202,Metal cutter,Motto,./Metal cutter/Motto/construction  (6).wav
203,Metal cutter,Motto,./Metal cutter/Motto/construction  (7).wav
204,Metal cutter,Motto,./Metal cutter/Motto/construction  (8).wav
205,Metal cutter,Motto,./Metal cutter/Motto/construction  (9).wav
206,Metal cutter,Xiaomi,./Metal cutter/Xiaomi/construction  (1).wav
207,Metal cutter,Xiaomi,./Metal cutter/Xiaomi/construction  (10).wav
208,Metal cutter,Xiaomi,./Metal cutter/Xiaomi/construction  (11).wav
209,Metal cutter,Xiaomi,./Metal cutter/Xiaomi/construction  (12).wav
210,Metal cutter,Xiaomi,./Metal cutter/Xiaomi/construction  (13).wav
211,Metal cutter,Xiaomi,./Metal cutter/Xiaomi/construction  (14).wav
212,Metal cutter,Xiaomi,./Metal cutter/Xiaomi/construction  (15).wav
213,Metal cutter,Xiaomi,./Metal cutter/Xiaomi/construction  (16).wav
214,Metal cutter,Xiaomi,./Metal cutter/Xiaomi/construction  (17).wav
215,Metal cutter,Xiaomi,./Metal cutter/Xiaomi/construction  (18).wav
216,Metal cutter,Xiaomi,./Metal cutter/Xiaomi/construction  (19).wav
217,Metal cutter,Xiaomi,./Metal cutter/Xiaomi/construction  (2).wav
218,Metal cutter,Xiaomi,./Metal cutter/Xiaomi/construction  (20).wav
219,Metal cutter,Xiaomi,./Metal cutter/Xiaomi/construction  (21).wav
220,Metal cutter,Xiaomi,./Metal cutter/Xiaomi/construction  (22).wav
221,Metal cutter,Xiaomi,./Metal cutter/Xiaomi/construction  (23).wav
222,Metal cutter,Xiaomi,./Metal cutter/Xiaomi/construction  (24).wav
223,Metal cutter,Xiaomi,./Metal cutter/Xiaomi/construction  (25).wav
224,Metal cutter,Xiaomi,./Metal cutter/Xiaomi/construction  (3).wav
225,Metal cutter,Xiaomi,./Metal cutter/Xiaomi/construction  (4).wav
226,Metal cutter,Xiaomi,./Metal cutter/Xiaomi/construction  (5).wav
227,Metal cutter,Xiaomi,./Metal cutter/Xiaomi/construction  (6).wav
228,Metal cutter,Xiaomi,./Metal cutter/Xiaomi/construction  (7).wav
229,Metal cutter,Xiaomi,./Metal cutter/Xiaomi/construction  (8).wav
230,Metal cutter,Xiaomi,./Metal cutter/Xiaomi/construction  (9).wav
231,metro,motto,./metro/motto/metro (1).wav
232,metro,motto,./metro/motto/metro (10).wav
233,metro,motto,./metro/motto/metro (11).wav
234,metro,motto,./metro/motto/metro (12).wav
235,metro,motto,./metro/motto/metro (13).wav
236,metro,motto,./metro/motto/metro (14).wav
237,metro,motto,./metro/motto/metro (15).wav
238,metro,motto,./metro/motto/metro (16).wav
239,metro,motto,./metro/motto/metro (17).wav
240,metro,motto,./metro/motto/metro (18).wav
241,metro,motto,./metro/motto/metro (19).wav
242,metro,motto,./metro/motto/metro (2).wav
243,metro,motto,./metro/motto/metro (20).wav
244,metro,motto,./metro/motto/metro (21).wav
245,metro,motto,./metro/motto/metro (22).wav
246,metro,motto,./metro/motto/metro (23).wav
247,metro,motto,./metro/motto/metro (24).wav
248,metro,motto,./metro/motto/metro (25).wav
249,metro,motto,./metro/motto/metro (3).wav
250,metro,motto,./metro/motto/metro (4).wav
251,metro,motto,./metro/motto/metro (5).wav
252,metro,motto,./metro/motto/metro (6).wav
253,metro,motto,./metro/motto/metro (7).wav
254,metro,motto,./metro/motto/metro (8).wav
255,metro,motto,./metro/motto/metro (9).wav
256,metro,xaoumi,./metro/xaoumi/metro (1).wav
257,metro,xaoumi,./metro/xaoumi/metro (10).wav
258,metro,xaoumi,./metro/xaoumi/metro (11).wav
259,metro,xaoumi,./metro/xaoumi/metro (12).wav
260,metro,xaoumi,./metro/xaoumi/metro (13).wav
261,metro,xaoumi,./metro/xaoumi/metro (14).wav
262,metro,xaoumi,./metro/xaoumi/metro (15).wav
263,metro,xaoumi,./metro/xaoumi/metro (16).wav
264,metro,xaoumi,./metro/xaoumi/metro (17).wav
265,metro,xaoumi,./metro/xaoumi/metro (18).wav
266,metro,xaoumi,./metro/xaoumi/metro (19).wav
267,metro,xaoumi,./metro/xaoumi/metro (2).wav
268,metro,xaoumi,./metro/xaoumi/metro (20).wav
269,metro,xaoumi,./metro/xaoumi/metro (21).wav
270,metro,xaoumi,./metro/xaoumi/metro (22).wav
271,metro,xaoumi,./metro/xaoumi/metro (23).wav
272,metro,xaoumi,./metro/xaoumi/metro (24).wav
273,metro,xaoumi,./metro/xaoumi/metro (25).wav
274,metro,xaoumi,./metro/xaoumi/metro (3).wav
275,metro,xaoumi,./metro/xaoumi/metro (4).wav
276,metro,xaoumi,./metro/xaoumi/metro (5).wav
277,metro,xaoumi,./metro/xaoumi/metro (6).wav
278,metro,xaoumi,./metro/xaoumi/metro (7).wav
279,metro,xaoumi,./metro/xaoumi/metro (8).wav
280,metro,xaoumi,./metro/xaoumi/metro (9).wav
281,poeple talking,motto,./poeple talking/motto/market  (1).wav
282,poeple talking,motto,./poeple talking/motto/market  (10).wav
283,poeple talking,motto,./poeple talking/motto/market  (11).wav
284,poeple talking,motto,./poeple talking/motto/market  (12).wav
285,poeple talking,motto,./poeple talking/motto/market  (13).wav
286,poeple talking,motto,./poeple talking/motto/market  (14).wav
287,poeple talking,motto,./poeple talking/motto/market  (15).wav
288,poeple talking,motto,./poeple talking/motto/market  (16).wav
289,poeple talking,motto,./poeple talking/motto/market  (17).wav
290,poeple talking,motto,./poeple talking/motto/market  (18).wav
291,poeple talking,motto,./poeple talking/motto/market  (19).wav
292,poeple talking,motto,./poeple talking/motto/market  (2).wav
293,poeple talking,motto,./poeple talking/motto/market  (20).wav
294,poeple talking,motto,./poeple talking/motto/market  (21).wav
295,poeple talking,motto,./poeple talking/motto/market  (22).wav
296,poeple talking,motto,./poeple talking/motto/market  (23).wav
297,poeple talking,motto,./poeple talking/motto/market  (24).wav
298,poeple talking,motto,./poeple talking/motto/market  (25).wav
299,poeple talking,motto,./poeple talking/motto/market  (26).wav
300,poeple talking,motto,./poeple talking/motto/market  (27).wav
301,poeple talking,motto,./poeple talking/motto/market  (28).wav
302,poeple talking,motto,./poeple talking/motto/market  (29).wav
303,poeple talking,motto,./poeple talking/motto/market  (3).wav
304,poeple talking,motto,./poeple talking/motto/market  (30).wav
305,poeple talking,motto,./poeple talking/motto/market  (4).wav
306,poeple talking,motto,./poeple talking/motto/market  (5).wav
307,poeple talking,motto,./poeple talking/motto/market  (6).wav
308,poeple talking,motto,./poeple talking/motto/market  (7).wav
309,poeple talking,motto,./poeple talking/motto/market  (8).wav
310,poeple talking,motto,./poeple talking/motto/market  (9).wav
311,poeple talking,motto,./poeple talking/motto/people talking (1).wav
312,poeple talking,motto,./poeple talking/motto/people talking (10).wav
313,poeple talking,motto,./poeple talking/motto/people talking (11).wav
314,poeple talking,motto,./poeple talking/motto/people talking (12).wav
315,poeple talking,motto,./poeple talking/motto/people talking (13).wav
316,poeple talking,motto,./poeple talking/motto/people talking (14).wav
317,poeple talking,motto,./poeple talking/motto/people talking (15).wav
318,poeple talking,motto,./poeple talking/motto/people talking (16).wav
319,poeple talking,motto,./poeple talking/motto/people talking (17).wav
320,poeple talking,motto,./poeple talking/motto/people talking (18).wav
321,poeple talking,motto,./poeple talking/motto/people talking (19).wav
322,poeple talking,motto,./poeple talking/motto/people talking (2).wav
323,poeple talking,motto,./poeple talking/motto/people talking (20).wav
324,poeple talking,motto,./poeple talking/motto/people talking (21).wav
325,poeple talking,motto,./poeple talking/motto/people talking (22).wav
326,poeple talking,motto,./poeple talking/motto/people talking (23).wav
327,poeple talking,motto,./poeple talking/motto/people talking (24).wav
328,poeple talking,motto,./poeple talking/motto/people talking (25).wav
329,poeple talking,motto,./poeple talking/motto/people talking (26).wav
330,poeple talking,motto,./poeple talking/motto/people talking (27).wav
331,poeple talking,motto,./poeple talking/motto/people talking (28).wav
332,poeple talking,motto,./poeple talking/motto/people talking (3).wav
333,poeple talking,motto,./poeple talking/motto/people talking (4).wav
334,poeple talking,motto,./poeple talking/motto/people talking (5).wav
335,poeple talking,motto,./poeple talking/motto/people talking (6).wav
336,poeple talking,motto,./poeple talking/motto/people talking (7).wav
337,poeple talking,motto,./poeple talking/motto/people talking (8).wav
338,poeple talking,motto,./poeple talking/motto/people talking (9).wav
339,poeple talking,xaoumi,./poeple talking/xaoumi/market  (1).wav
340,poeple talking,xaoumi,./poeple talking/xaoumi/market  (10).wav
341,poeple talking,xaoumi,./poeple talking/xaoumi/market  (11).wav
342,poeple talking,xaoumi,./poeple talking/xaoumi/market  (12).wav
343,poeple talking,xaoumi,./poeple talking/xaoumi/market  (13).wav
344,poeple talking,xaoumi,./poeple talking/xaoumi/market  (14).wav
345,poeple talking,xaoumi,./poeple talking/xaoumi/market  (15).wav
346,poeple talking,xaoumi,./poeple talking/xaoumi/market  (16).wav
347,poeple talking,xaoumi,./poeple talking/xaoumi/market  (17).wav
348,poeple talking,xaoumi,./poeple talking/xaoumi/market  (18).wav
349,poeple talking,xaoumi,./poeple talking/xaoumi/market  (19).wav
350,poeple talking,xaoumi,./poeple talking/xaoumi/market  (2).wav
351,poeple talking,xaoumi,./poeple talking/xaoumi/market  (20).wav
352,poeple talking,xaoumi,./poeple talking/xaoumi/market  (21).wav
353,poeple talking,xaoumi,./poeple talking/xaoumi/market  (22).wav
354,poeple talking,xaoumi,./poeple talking/xaoumi/market  (23).wav
355,poeple talking,xaoumi,./poeple talking/xaoumi/market  (24).wav
356,poeple talking,xaoumi,./poeple talking/xaoumi/market  (25).wav
357,poeple talking,xaoumi,./poeple talking/xaoumi/market  (26).wav
358,poeple talking,xaoumi,./poeple talking/xaoumi/market  (27).wav
359,poeple talking,xaoumi,./poeple talking/xaoumi/market  (28).wav
360,poeple talking,xaoumi,./poeple talking/xaoumi/market  (29).wav
361,poeple talking,xaoumi,./poeple talking/xaoumi/market  (3).wav
362,poeple talking,xaoumi,./poeple talking/xaoumi/market  (30).wav
363,poeple talking,xaoumi,./poeple talking/xaoumi/market  (4).wav
364,poeple talking,xaoumi,./poeple talking/xaoumi/market  (5).wav
365,poeple talking,xaoumi,./poeple talking/xaoumi/market  (6).wav
366,poeple talking,xaoumi,./poeple talking/xaoumi/market  (7).wav
367,poeple talking,xaoumi,./poeple talking/xaoumi/market  (8).wav
368,poeple talking,xaoumi,./poeple talking/xaoumi/market  (9).wav
369,poeple talking,xaoumi,./poeple talking/xaoumi/people talking (1).wav
370,poeple talking,xaoumi,./poeple talking/xaoumi/people talking (10).wav
371,poeple talking,xaoumi,./poeple talking/xaoumi/people talking (11).wav
372,poeple talking,xaoumi,./poeple talking/xaoumi/people talking (12).wav
373,poeple talking,xaoumi,./poeple talking/xaoumi/people talking (13).wav
374,poeple talking,xaoumi,./poeple talking/xaoumi/people talking (14).wav
375,poeple talking,xaoumi,./poeple talking/xaoumi/people talking (15).wav
376,poeple talking,xaoumi,./poeple talking/xaoumi/people talking (16).wav
377,poeple talking,xaoumi,./poeple talking/xaoumi/people talking (17).wav
378,poeple talking,xaoumi,./poeple talking/xaoumi/people talking (18).wav
379,poeple talking,xaoumi,./poeple talking/xaoumi/people talking (19).wav
380,poeple talking,xaoumi,./poeple talking/xaoumi/people talking (2).wav
381,poeple talking,xaoumi,./poeple talking/xaoumi/people talking (20).wav
382,poeple talking,xaoumi,./poeple talking/xaoumi/people talking (21).wav
383,poeple talking,xaoumi,./poeple talking/xaoumi/people talking (22).wav
384,poeple talking,xaoumi,./poeple talking/xaoumi/people talking (23).wav
385,poeple talking,xaoumi,./poeple talking/xaoumi/people talking (24).wav
386,poeple talking,xaoumi,./poeple talking/xaoumi/people talking (25).wav
387,poeple talking,xaoumi,./poeple talking/xaoumi/people talking (26).wav
388,poeple talking,xaoumi,./poeple talking/xaoumi/people talking (27).wav
389,poeple talking,xaoumi,./poeple talking/xaoumi/people talking (28).wav
390,poeple talking,xaoumi,./poeple talking/xaoumi/people talking (3).wav
391,poeple talking,xaoumi,./poeple talking/xaoumi/people talking (4).wav
392,poeple talking,xaoumi,./poeple talking/xaoumi/people talking (5).wav
393,poeple talking,xaoumi,./poeple talking/xaoumi/people talking (6).wav
394,poeple talking,xaoumi,./poeple talking/xaoumi/people talking (7).wav
395,poeple talking,xaoumi,./poeple talking/xaoumi/people talking (8).wav
396,poeple talking,xaoumi,./poeple talking/xaoumi/people talking (9).wav
397,Raning,vivo,./Raning/vivo/rain (1).wav
398,Raning,vivo,./Raning/vivo/rain (10).wav
399,Raning,vivo,./Raning/vivo/rain (11).wav
400,Raning,vivo,./Raning/vivo/rain (12).wav
401,Raning,vivo,./Raning/vivo/rain (13).wav
402,Raning,vivo,./Raning/vivo/rain (14).wav
403,Raning,vivo,./Raning/vivo/rain (15).wav
404,Raning,vivo,./Raning/vivo/rain (16).wav
405,Raning,vivo,./Raning/vivo/rain (17).wav
406,Raning,vivo,./Raning/vivo/rain (18).wav
407,Raning,vivo,./Raning/vivo/rain (19).wav
408,Raning,vivo,./Raning/vivo/rain (2).wav
409,Raning,vivo,./Raning/vivo/rain (20).wav
410,Raning,vivo,./Raning/vivo/rain (21).wav
411,Raning,vivo,./Raning/vivo/rain (22).wav
412,Raning,vivo,./Raning/vivo/rain (23).wav
413,Raning,vivo,./Raning/vivo/rain (24).wav
414,Raning,vivo,./Raning/vivo/rain (25).wav
415,Raning,vivo,./Raning/vivo/rain (26).wav
416,Raning,vivo,./Raning/vivo/rain (27).wav
417,Raning,vivo,./Raning/vivo/rain (28).wav
418,Raning,vivo,./Raning/vivo/rain (29).wav
419,Raning,vivo,./Raning/vivo/rain (3).wav
420,Raning,vivo,./Raning/vivo/rain (30).wav
421,Raning,vivo,./Raning/vivo/rain (4).wav
422,Raning,vivo,./Raning/vivo/rain (5).wav
423,Raning,vivo,./Raning/vivo/rain (6).wav
424,Raning,vivo,./Raning/vivo/rain (7).wav
425,Raning,vivo,./Raning/vivo/rain (8).wav
426,Raning,vivo,./Raning/vivo/rain (9).wav
427,Raning,xaoumi,./Raning/xaoumi/rain (1).wav
428,Raning,xaoumi,./Raning/xaoumi/rain (10).wav
429,Raning,xaoumi,./Raning/xaoumi/rain (11).wav
430,Raning,xaoumi,./Raning/xaoumi/rain (12).wav
431,Raning,xaoumi,./Raning/xaoumi/rain (13).wav
432,Raning,xaoumi,./Raning/xaoumi/rain (14).wav
433,Raning,xaoumi,./Raning/xaoumi/rain (15).wav
434,Raning,xaoumi,./Raning/xaoumi/rain (16).wav
435,Raning,xaoumi,./Raning/xaoumi/rain (17).wav
436,Raning,xaoumi,./Raning/xaoumi/rain (18).wav
437,Raning,xaoumi,./Raning/xaoumi/rain (19).wav
438,Raning,xaoumi,./Raning/xaoumi/rain (2).wav
439,Raning,xaoumi,./Raning/xaoumi/rain (20).wav
440,Raning,xaoumi,./Raning/xaoumi/rain (21).wav
441,Raning,xaoumi,./Raning/xaoumi/rain (22).wav
442,Raning,xaoumi,./Raning/xaoumi/rain (23).wav
443,Raning,xaoumi,./Raning/xaoumi/rain (24).wav
444,Raning,xaoumi,./Raning/xaoumi/rain (25).wav
445,Raning,xaoumi,./Raning/xaoumi/rain (26).wav
446,Raning,xaoumi,./Raning/xaoumi/rain (27).wav
447,Raning,xaoumi,./Raning/xaoumi/rain (28).wav
448,Raning,xaoumi,./Raning/xaoumi/rain (29).wav
449,Raning,xaoumi,./Raning/xaoumi/rain (3).wav
450,Raning,xaoumi,./Raning/xaoumi/rain (30).wav
451,Raning,xaoumi,./Raning/xaoumi/rain (4).wav
452,Raning,xaoumi,./Raning/xaoumi/rain (5).wav
453,Raning,xaoumi,./Raning/xaoumi/rain (6).wav
454,Raning,xaoumi,./Raning/xaoumi/rain (7).wav
455,Raning,xaoumi,./Raning/xaoumi/rain (8).wav
456,Raning,xaoumi,./Raning/xaoumi/rain (9).wav
457,Tapwater,Vivo,./Tapwater/Vivo/tap water (1).wav
458,Tapwater,Vivo,./Tapwater/Vivo/tap water (10).wav
459,Tapwater,Vivo,./Tapwater/Vivo/tap water (11).wav
460,Tapwater,Vivo,./Tapwater/Vivo/tap water (12).wav
461,Tapwater,Vivo,./Tapwater/Vivo/tap water (13).wav
462,Tapwater,Vivo,./Tapwater/Vivo/tap water (14).wav
463,Tapwater,Vivo,./Tapwater/Vivo/tap water (15).wav
464,Tapwater,Vivo,./Tapwater/Vivo/tap water (16).wav
465,Tapwater,Vivo,./Tapwater/Vivo/tap water (17).wav
466,Tapwater,Vivo,./Tapwater/Vivo/tap water (18).wav
467,Tapwater,Vivo,./Tapwater/Vivo/tap water (19).wav
468,Tapwater,Vivo,./Tapwater/Vivo/tap water (2).wav
469,Tapwater,Vivo,./Tapwater/Vivo/tap water (20).wav
470,Tapwater,Vivo,./Tapwater/Vivo/tap water (21).wav
471,Tapwater,Vivo,./Tapwater/Vivo/tap water (22).wav
472,Tapwater,Vivo,./Tapwater/Vivo/tap water (23).wav
473,Tapwater,Vivo,./Tapwater/Vivo/tap water (24).wav
474,Tapwater,Vivo,./Tapwater/Vivo/tap water (25).wav
475,Tapwater,Vivo,./Tapwater/Vivo/tap water (26).wav
476,Tapwater,Vivo,./Tapwater/Vivo/tap water (27).wav
477,Tapwater,Vivo,./Tapwater/Vivo/tap water (28).wav
478,Tapwater,Vivo,./Tapwater/Vivo/tap water (29).wav
479,Tapwater,Vivo,./Tapwater/Vivo/tap water (3).wav
480,Tapwater,Vivo,./Tapwater/Vivo/tap water (30).wav
481,Tapwater,Vivo,./Tapwater/Vivo/tap water (4).wav
482,Tapwater,Vivo,./Tapwater/Vivo/tap water (5).wav
483,Tapwater,Vivo,./Tapwater/Vivo/tap water (6).wav
484,Tapwater,Vivo,./Tapwater/Vivo/tap water (7).wav
485,Tapwater,Vivo,./Tapwater/Vivo/tap water (8).wav
486,Tapwater,Vivo,./Tapwater/Vivo/tap water (9).wav
487,Tapwater,xaoumi,./Tapwater/xaoumi/tap water (1).wav
488,Tapwater,xaoumi,./Tapwater/xaoumi/tap water (10).wav
489,Tapwater,xaoumi,./Tapwater/xaoumi/tap water (11).wav
490,Tapwater,xaoumi,./Tapwater/xaoumi/tap water (12).wav
491,Tapwater,xaoumi,./Tapwater/xaoumi/tap water (13).wav
492,Tapwater,xaoumi,./Tapwater/xaoumi/tap water (14).wav
493,Tapwater,xaoumi,./Tapwater/xaoumi/tap water (15).wav
494,Tapwater,xaoumi,./Tapwater/xaoumi/tap water (16).wav
495,Tapwater,xaoumi,./Tapwater/xaoumi/tap water (17).wav
496,Tapwater,xaoumi,./Tapwater/xaoumi/tap water (18).wav
497,Tapwater,xaoumi,./Tapwater/xaoumi/tap water (19).wav
498,Tapwater,xaoumi,./Tapwater/xaoumi/tap water (2).wav
499,Tapwater,xaoumi,./Tapwater/xaoumi/tap water (20).wav
500,Tapwater,xaoumi,./Tapwater/xaoumi/tap water (21).wav
501,Tapwater,xaoumi,./Tapwater/xaoumi/tap water (22).wav
502,Tapwater,xaoumi,./Tapwater/xaoumi/tap water (23).wav
503,Tapwater,xaoumi,./Tapwater/xaoumi/tap water (24).wav
504,Tapwater,xaoumi,./Tapwater/xaoumi/tap water (25).wav
505,Tapwater,xaoumi,./Tapwater/xaoumi/tap water (26).wav
506,Tapwater,xaoumi,./Tapwater/xaoumi/tap water (27).wav
507,Tapwater,xaoumi,./Tapwater/xaoumi/tap water (28).wav
508,Tapwater,xaoumi,./Tapwater/xaoumi/tap water (29).wav
509,Tapwater,xaoumi,./Tapwater/xaoumi/tap water (3).wav
510,Tapwater,xaoumi,./Tapwater/xaoumi/tap water (30).wav
511,Tapwater,xaoumi,./Tapwater/xaoumi/tap water (4).wav
512,Tapwater,xaoumi,./Tapwater/xaoumi/tap water (5).wav
513,Tapwater,xaoumi,./Tapwater/xaoumi/tap water (6).wav
514,Tapwater,xaoumi,./Tapwater/xaoumi/tap water (7).wav
515,Tapwater,xaoumi,./Tapwater/xaoumi/tap water (8).wav
516,Tapwater,xaoumi,./Tapwater/xaoumi/tap water (9).wav
517,Train,Vivo,./Train/Vivo/train (1).wav
518,Train,Vivo,./Train/Vivo/train (10).wav
519,Train,Vivo,./Train/Vivo/train (11).wav
520,Train,Vivo,./Train/Vivo/train (12).wav
521,Train,Vivo,./Train/Vivo/train (13).wav
522,Train,Vivo,./Train/Vivo/train (14).wav
523,Train,Vivo,./Train/Vivo/train (15).wav
524,Train,Vivo,./Train/Vivo/train (16).wav
525,Train,Vivo,./Train/Vivo/train (17).wav
526,Train,Vivo,./Train/Vivo/train (18).wav
527,Train,Vivo,./Train/Vivo/train (19).wav
528,Train,Vivo,./Train/Vivo/train (2).wav
529,Train,Vivo,./Train/Vivo/train (20).wav
530,Train,Vivo,./Train/Vivo/train (21).wav
531,Train,Vivo,./Train/Vivo/train (22).wav
532,Train,Vivo,./Train/Vivo/train (23).wav
533,Train,Vivo,./Train/Vivo/train (24).wav
534,Train,Vivo,./Train/Vivo/train (25).wav
535,Train,Vivo,./Train/Vivo/train (26).wav
536,Train,Vivo,./Train/Vivo/train (27).wav
537,Train,Vivo,./Train/Vivo/train (28).wav
538,Train,Vivo,./Train/Vivo/train (29).wav
539,Train,Vivo,./Train/Vivo/train (3).wav
540,Train,Vivo,./Train/Vivo/train (30).wav
541,Train,Vivo,./Train/Vivo/train (4).wav
542,Train,Vivo,./Train/Vivo/train (5).wav
543,Train,Vivo,./Train/Vivo/train (6).wav
544,Train,Vivo,./Train/Vivo/train (7).wav
545,Train,Vivo,./Train/Vivo/train (8).wav
546,Train,Vivo,./Train/Vivo/train (9).wav
547,Train,Xaoumi,./Train/Xaoumi/train (1).wav
548,Train,Xaoumi,./Train/Xaoumi/train (10).wav
549,Train,Xaoumi,./Train/Xaoumi/train (11).wav
550,Train,Xaoumi,./Train/Xaoumi/train (12).wav
551,Train,Xaoumi,./Train/Xaoumi/train (13).wav
552,Train,Xaoumi,./Train/Xaoumi/train (14).wav
553,Train,Xaoumi,./Train/Xaoumi/train (15).wav
554,Train,Xaoumi,./Train/Xaoumi/train (16).wav
555,Train,Xaoumi,./Train/Xaoumi/train (17).wav
556,Train,Xaoumi,./Train/Xaoumi/train (18).wav
557,Train,Xaoumi,./Train/Xaoumi/train (19).wav
558,Train,Xaoumi,./Train/Xaoumi/train (2).wav
559,Train,Xaoumi,./Train/Xaoumi/train (20).wav
560,Train,Xaoumi,./Train/Xaoumi/train (21).wav
561,Train,Xaoumi,./Train/Xaoumi/train (22).wav
562,Train,Xaoumi,./Train/Xaoumi/train (23).wav
563,Train,Xaoumi,./Train/Xaoumi/train (24).wav
564,Train,Xaoumi,./Train/Xaoumi/train (25).wav
565,Train,Xaoumi,./Train/Xaoumi/train (26).wav
566,Train,Xaoumi,./Train/Xaoumi/train (27).wav
567,Train,Xaoumi,./Train/Xaoumi/train (28).wav
568,Train,Xaoumi,./Train/Xaoumi/train (29).wav
569,Train,Xaoumi,./Train/Xaoumi/train (3).wav
570,Train,Xaoumi,./Train/Xaoumi/train (30).wav
571,Train,Xaoumi,./Train/Xaoumi/train (4).wav
572,Train,Xaoumi,./Train/Xaoumi/train (5).wav
573,Train,Xaoumi,./Train/Xaoumi/train (6).wav
574,Train,Xaoumi,./Train/Xaoumi/train (7).wav
575,Train,Xaoumi,./Train/Xaoumi/train (8).wav
576,Train,Xaoumi,./Train/Xaoumi/train (9).wav
577,Tv,Motto,./Tv/Motto/tv (1).wav
578,Tv,Motto,./Tv/Motto/tv (10).wav
579,Tv,Motto,./Tv/Motto/tv (11).wav
580,Tv,Motto,./Tv/Motto/tv (12).wav
581,Tv,Motto,./Tv/Motto/tv (13).wav
582,Tv,Motto,./Tv/Motto/tv (14).wav
583,Tv,Motto,./Tv/Motto/tv (15).wav
584,Tv,Motto,./Tv/Motto/tv (16).wav
585,Tv,Motto,./Tv/Motto/tv (17).wav
586,Tv,Motto,./Tv/Motto/tv (18).wav
587,Tv,Motto,./Tv/Motto/tv (19).wav
588,Tv,Motto,./Tv/Motto/tv (2).wav
589,Tv,Motto,./Tv/Motto/tv (20).wav
590,Tv,Motto,./Tv/Motto/tv (21).wav
591,Tv,Motto,./Tv/Motto/tv (22).wav
592,Tv,Motto,./Tv/Motto/tv (23).wav
593,Tv,Motto,./Tv/Motto/tv (24).wav
594,Tv,Motto,./Tv/Motto/tv (25).wav
595,Tv,Motto,./Tv/Motto/tv (26).wav
596,Tv,Motto,./Tv/Motto/tv (27).wav
597,Tv,Motto,./Tv/Motto/tv (28).wav
598,Tv,Motto,./Tv/Motto/tv (29).wav
599,Tv,Motto,./Tv/Motto/tv (3).wav
600,Tv,Motto,./Tv/Motto/tv (30).wav
601,Tv,Motto,./Tv/Motto/tv (4).wav
602,Tv,Motto,./Tv/Motto/tv (5).wav
603,Tv,Motto,./Tv/Motto/tv (6).wav
604,Tv,Motto,./Tv/Motto/tv (7).wav
605,Tv,Motto,./Tv/Motto/tv (8).wav
606,Tv,Motto,./Tv/Motto/tv (9).wav
607,Tv,Xiaomi,./Tv/Xiaomi/tv (1).wav
608,Tv,Xiaomi,./Tv/Xiaomi/tv (10).wav
609,Tv,Xiaomi,./Tv/Xiaomi/tv (11).wav
610,Tv,Xiaomi,./Tv/Xiaomi/tv (12).wav
611,Tv,Xiaomi,./Tv/Xiaomi/tv (13).wav
612,Tv,Xiaomi,./Tv/Xiaomi/tv (14).wav
613,Tv,Xiaomi,./Tv/Xiaomi/tv (15).wav
614,Tv,Xiaomi,./Tv/Xiaomi/tv (16).wav
615,Tv,Xiaomi,./Tv/Xiaomi/tv (17).wav
616,Tv,Xiaomi,./Tv/Xiaomi/tv (18).wav
617,Tv,Xiaomi,./Tv/Xiaomi/tv (19).wav
618,Tv,Xiaomi,./Tv/Xiaomi/tv (2).wav
619,Tv,Xiaomi,./Tv/Xiaomi/tv (20).wav
620,Tv,Xiaomi,./Tv/Xiaomi/tv (21).wav
621,Tv,Xiaomi,./Tv/Xiaomi/tv (22).wav
622,Tv,Xiaomi,./Tv/Xiaomi/tv (23).wav
623,Tv,Xiaomi,./Tv/Xiaomi/tv (24).wav
624,Tv,Xiaomi,./Tv/Xiaomi/tv (25).wav
625,Tv,Xiaomi,./Tv/Xiaomi/tv (26).wav
626,Tv,Xiaomi,./Tv/Xiaomi/tv (27).wav
627,Tv,Xiaomi,./Tv/Xiaomi/tv (28).wav
628,Tv,Xiaomi,./Tv/Xiaomi/tv (29).wav
629,Tv,Xiaomi,./Tv/Xiaomi/tv (3).wav
630,Tv,Xiaomi,./Tv/Xiaomi/tv (30).wav
631,Tv,Xiaomi,./Tv/Xiaomi/tv (4).wav
632,Tv,Xiaomi,./Tv/Xiaomi/tv (5).wav
633,Tv,Xiaomi,./Tv/Xiaomi/tv (6).wav
634,Tv,Xiaomi,./Tv/Xiaomi/tv (7).wav
635,Tv,Xiaomi,./Tv/Xiaomi/tv (8).wav
636,Tv,Xiaomi,./Tv/Xiaomi/tv (9).wav
